sample_id,y_true,baseline_pred,adaptive_pred,baseline_correct,adaptive_correct,baseline_margin,adaptive_margin,route_mode,used_subgraphs,base_confidence
0,0,1,1,0,0,6.0,6.0,subgraph_early_stop,38,0.503040075302124
1,0,0,0,1,1,2.0,3.0,subgraph_early_stop,46,0.6005665063858032
2,0,0,0,1,1,22.0,11.0,subgraph_early_stop,29,0.6246106028556824
3,0,0,0,1,1,20.0,12.0,subgraph_early_stop,28,0.5758709907531738
4,0,0,0,1,1,9.0,7.0,subgraph_early_stop,38,0.5460953116416931
5,0,0,0,1,1,15.0,9.0,subgraph_early_stop,33,0.7112711071968079
6,0,1,1,0,0,5.0,4.0,subgraph_early_stop,40,0.628331184387207
7,0,0,0,1,1,21.0,13.0,subgraph_early_stop,26,0.6217888593673706
8,0,0,0,1,1,18.0,11.0,subgraph_early_stop,29,0.6025107502937317
9,0,0,0,1,1,9.0,7.0,subgraph_early_stop,38,0.5368531942367554
10,0,0,0,1,1,19.0,11.0,subgraph_early_stop,29,0.5878133773803711
11,0,0,0,1,1,25.0,13.0,subgraph_early_stop,26,0.6493865847587585
12,0,0,0,1,1,6.0,5.0,subgraph_early_stop,42,0.5413693785667419
13,0,0,0,1,1,23.0,12.0,subgraph_early_stop,27,0.5837683081626892
14,0,0,0,1,1,22.0,12.0,subgraph_early_stop,28,0.6570637226104736
15,0,0,0,1,1,24.0,13.0,subgraph_early_stop,26,0.6498876810073853
16,0,0,0,1,1,22.0,12.0,subgraph_early_stop,28,0.5706314444541931
17,0,0,0,1,1,22.0,12.0,subgraph_early_stop,28,0.6607425808906555
18,0,0,0,1,1,4.0,3.0,subgraph_early_stop,46,0.6026267409324646
19,0,0,0,1,1,14.0,9.0,subgraph_early_stop,33,0.5952783823013306
20,0,0,0,1,1,24.0,13.0,subgraph_early_stop,26,0.6536700129508972
21,0,0,0,1,1,23.0,12.0,subgraph_early_stop,27,0.6375493407249451
22,0,0,0,1,1,13.0,7.0,subgraph_early_stop,37,0.6092047095298767
23,0,0,0,1,1,15.0,8.0,subgraph_early_stop,35,0.60117506980896
24,0,0,0,1,1,23.0,12.0,subgraph_early_stop,27,0.6724340319633484
25,0,1,1,0,0,9.0,10.0,subgraph_early_stop,30,0.5210499167442322
26,0,0,0,1,1,0.0,1.0,subgraph_early_stop,48,0.5832081437110901
27,0,0,0,1,1,5.0,6.0,subgraph_early_stop,39,0.5087704658508301
28,0,0,0,1,1,6.0,4.0,subgraph_early_stop,43,0.6186169385910034
29,0,0,0,1,1,19.0,11.0,subgraph_early_stop,29,0.662918746471405
30,0,0,0,1,1,17.0,11.0,subgraph_early_stop,29,0.5852078199386597
31,0,0,0,1,1,25.0,13.0,subgraph_early_stop,26,0.7071148157119751
32,0,0,0,1,1,21.0,12.0,subgraph_early_stop,27,0.6172691583633423
33,0,0,0,1,1,15.0,11.0,subgraph_early_stop,30,0.625214695930481
34,0,0,0,1,1,25.0,13.0,subgraph_early_stop,26,0.6856153011322021
35,0,0,0,1,1,7.0,6.0,subgraph_early_stop,40,0.5816807150840759
36,0,1,1,0,0,8.0,4.0,subgraph_early_stop,40,0.5688807964324951
37,0,0,0,1,1,15.0,10.0,subgraph_early_stop,31,0.6046472191810608
38,0,0,0,1,1,25.0,13.0,subgraph_early_stop,26,0.6631528735160828
39,0,0,0,1,1,13.0,8.0,subgraph_early_stop,35,0.5727394819259644
40,0,0,0,1,1,22.0,12.0,subgraph_early_stop,27,0.5802355408668518
41,0,0,0,1,1,17.0,11.0,subgraph_early_stop,30,0.6405259966850281
42,0,0,0,1,1,19.0,11.0,subgraph_early_stop,30,0.6098407506942749
43,0,0,0,1,1,24.0,13.0,subgraph_early_stop,26,0.6355915069580078
44,0,0,0,1,1,14.0,10.0,subgraph_early_stop,32,0.5603495836257935
45,0,0,0,1,1,18.0,10.0,subgraph_early_stop,31,0.5888205170631409
46,0,0,0,1,1,17.0,11.0,subgraph_early_stop,30,0.6803879141807556
47,0,0,0,1,1,24.0,13.0,subgraph_early_stop,26,0.6874779462814331
48,0,0,0,1,1,13.0,9.0,subgraph_early_stop,34,0.5793942809104919
49,0,0,0,1,1,20.0,11.0,subgraph_early_stop,30,0.5720585584640503
50,0,0,0,1,1,2.0,1.0,subgraph_early_stop,49,0.5521385073661804
51,0,1,1,0,0,8.0,7.0,subgraph_early_stop,36,0.5017487406730652
52,0,0,0,1,1,21.0,12.0,subgraph_early_stop,28,0.6081957221031189
53,0,0,0,1,1,8.0,6.0,subgraph_early_stop,39,0.6581622362136841
54,0,0,0,1,1,24.0,12.0,subgraph_early_stop,27,0.5984365344047546
55,0,0,0,1,1,18.0,10.0,subgraph_early_stop,31,0.6126236319541931
56,0,0,0,1,1,4.0,3.0,subgraph_early_stop,45,0.5337451100349426
57,0,0,0,1,1,16.0,11.0,subgraph_early_stop,30,0.5431894063949585
58,0,0,0,1,1,18.0,11.0,subgraph_early_stop,30,0.6233257055282593
59,0,0,0,1,1,18.0,10.0,subgraph_early_stop,32,0.6088972091674805
60,0,0,0,1,1,16.0,12.0,subgraph_early_stop,28,0.6549200415611267
61,0,0,0,1,1,18.0,11.0,subgraph_early_stop,29,0.6480902433395386
62,0,0,0,1,1,22.0,13.0,subgraph_early_stop,26,0.6439330577850342
63,0,0,0,1,1,11.0,7.0,subgraph_early_stop,37,0.5575728416442871
64,0,0,0,1,1,3.0,3.0,subgraph_early_stop,46,0.5320031046867371
65,0,0,0,1,1,1.0,1.0,subgraph_early_stop,50,0.5141559839248657
66,0,0,0,1,1,25.0,13.0,subgraph_early_stop,26,0.6656686067581177
67,0,0,0,1,1,3.0,3.0,subgraph_early_stop,46,0.6233367323875427
68,0,0,0,1,1,5.0,3.0,subgraph_early_stop,45,0.5558117032051086
69,0,0,0,1,1,13.0,9.0,subgraph_early_stop,33,0.5462395548820496
70,0,0,0,1,1,22.0,12.0,subgraph_early_stop,27,0.637191653251648
71,0,0,0,1,1,14.0,10.0,subgraph_early_stop,32,0.5766106247901917
72,0,0,0,1,1,3.0,3.0,subgraph_early_stop,46,0.5957636833190918
73,0,0,0,1,1,7.0,6.0,subgraph_early_stop,39,0.5206480026245117
74,0,0,0,1,1,25.0,13.0,subgraph_early_stop,26,0.6645923256874084
75,0,0,0,1,1,23.0,13.0,subgraph_early_stop,26,0.5742712020874023
76,0,0,0,1,1,21.0,13.0,subgraph_early_stop,26,0.6654976606369019
77,0,1,1,0,0,7.0,6.0,subgraph_early_stop,39,0.5050129890441895
78,0,0,0,1,1,21.0,11.0,subgraph_early_stop,30,0.6576938033103943
79,0,0,0,1,1,25.0,13.0,subgraph_early_stop,26,0.6324806213378906
80,0,0,0,1,1,25.0,13.0,subgraph_early_stop,26,0.6130293011665344
81,0,0,0,1,1,18.0,12.0,subgraph_early_stop,27,0.5728777647018433
82,0,0,0,1,1,25.0,13.0,subgraph_early_stop,26,0.6691492795944214
83,0,0,0,1,1,12.0,9.0,subgraph_early_stop,33,0.5280319452285767
84,0,0,0,1,1,20.0,12.0,subgraph_early_stop,28,0.584330141544342
85,0,0,0,1,1,14.0,9.0,subgraph_early_stop,33,0.561030924320221
86,0,0,0,1,1,20.0,12.0,subgraph_early_stop,28,0.6679347157478333
87,0,0,0,1,1,9.0,6.0,subgraph_early_stop,39,0.5454609394073486
88,0,0,0,1,1,9.0,8.0,subgraph_early_stop,34,0.6673792004585266
89,0,0,0,1,1,21.0,13.0,subgraph_early_stop,26,0.6421436071395874
90,0,0,0,1,1,22.0,11.0,subgraph_early_stop,29,0.6767293214797974
91,0,0,0,1,1,8.0,8.0,subgraph_early_stop,36,0.5628407001495361
92,0,0,0,1,1,6.0,5.0,subgraph_early_stop,42,0.5859206914901733
93,0,0,0,1,1,9.0,8.0,subgraph_early_stop,36,0.6611652374267578
94,0,0,0,1,1,2.0,2.0,subgraph_early_stop,48,0.5445563793182373
95,0,0,0,1,1,15.0,9.0,subgraph_early_stop,34,0.5413919687271118
96,0,0,0,1,1,21.0,13.0,subgraph_early_stop,26,0.6110955476760864
97,0,0,0,1,1,25.0,13.0,subgraph_early_stop,26,0.611854076385498
98,0,0,0,1,1,23.0,12.0,subgraph_early_stop,28,0.6489559412002563
99,0,0,0,1,1,6.0,5.0,subgraph_early_stop,42,0.5369299054145813
100,0,0,0,1,1,18.0,11.0,subgraph_early_stop,30,0.6527529954910278
101,0,0,0,1,1,5.0,6.0,subgraph_early_stop,40,0.6020152568817139
102,0,0,0,1,1,22.0,11.0,subgraph_early_stop,29,0.6444073915481567
103,0,1,1,0,0,14.0,9.0,subgraph_early_stop,33,0.6530761122703552
104,0,0,0,1,1,21.0,12.0,subgraph_early_stop,28,0.5908426642417908
105,0,0,0,1,1,9.0,9.0,subgraph_early_stop,34,0.5105875730514526
106,0,0,0,1,1,22.0,13.0,subgraph_early_stop,26,0.6566919684410095
107,0,0,0,1,1,25.0,13.0,subgraph_early_stop,26,0.6332918405532837
108,0,0,0,1,1,20.0,11.0,subgraph_early_stop,29,0.5941442847251892
109,0,0,0,1,1,23.0,12.0,subgraph_early_stop,28,0.5975480675697327
110,0,0,0,1,1,18.0,11.0,subgraph_early_stop,30,0.7042133808135986
111,0,0,0,1,1,11.0,8.0,subgraph_early_stop,35,0.6253440976142883
112,0,0,0,1,1,5.0,5.0,subgraph_early_stop,41,0.6051507592201233
113,0,0,0,1,1,23.0,13.0,subgraph_early_stop,26,0.6476834416389465
114,0,0,0,1,1,18.0,10.0,subgraph_early_stop,31,0.6106580495834351
115,0,0,0,1,1,21.0,12.0,subgraph_early_stop,27,0.6428910493850708
116,0,1,1,0,0,0.0,0.0,subgraph_early_stop,50,0.594078540802002
117,0,0,0,1,1,15.0,9.0,subgraph_early_stop,33,0.5889366269111633
118,0,0,0,1,1,14.0,9.0,subgraph_early_stop,34,0.6336567401885986
119,0,0,0,1,1,14.0,10.0,subgraph_early_stop,32,0.5636124610900879
120,0,0,0,1,1,24.0,13.0,subgraph_early_stop,26,0.6492671370506287
121,0,0,0,1,1,25.0,13.0,subgraph_early_stop,26,0.7047337293624878
122,0,0,0,1,1,16.0,10.0,subgraph_early_stop,32,0.566885769367218
123,0,0,0,1,1,1.0,1.0,subgraph_early_stop,49,0.6016807556152344
124,0,0,0,1,1,12.0,9.0,subgraph_early_stop,34,0.5833660960197449
125,0,0,0,1,1,25.0,13.0,subgraph_early_stop,26,0.6390760540962219
126,0,0,0,1,1,5.0,3.0,subgraph_early_stop,45,0.5064721703529358
127,0,0,0,1,1,13.0,9.0,subgraph_early_stop,34,0.5684839487075806
128,0,0,0,1,1,18.0,11.0,subgraph_early_stop,30,0.712075412273407
129,0,1,1,0,0,1.0,1.0,subgraph_early_stop,48,0.500900149345398
130,0,0,0,1,1,22.0,13.0,subgraph_early_stop,26,0.6824889183044434
131,0,0,0,1,1,20.0,11.0,subgraph_early_stop,29,0.5811472535133362
132,0,0,0,1,1,12.0,8.0,subgraph_early_stop,36,0.6134819984436035
133,0,0,0,1,1,22.0,12.0,subgraph_early_stop,27,0.6242942214012146
134,0,0,0,1,1,11.0,7.0,subgraph_early_stop,38,0.5587260723114014
135,0,0,0,1,1,13.0,9.0,subgraph_early_stop,34,0.5682884454727173
136,0,0,0,1,1,18.0,12.0,subgraph_early_stop,28,0.5875057578086853
137,0,0,0,1,1,6.0,4.0,subgraph_early_stop,43,0.5823860168457031
138,0,0,0,1,1,24.0,12.0,subgraph_early_stop,27,0.6230209469795227
139,0,0,0,1,1,13.0,7.0,subgraph_early_stop,37,0.5270921587944031
140,0,0,0,1,1,18.0,10.0,subgraph_early_stop,31,0.6942020058631897
141,0,0,0,1,1,2.0,3.0,subgraph_early_stop,46,0.5021345615386963
142,0,0,0,1,1,25.0,13.0,subgraph_early_stop,26,0.6825109720230103
143,0,0,0,1,1,20.0,11.0,subgraph_early_stop,30,0.667591392993927
144,0,0,0,1,1,11.0,9.0,subgraph_early_stop,34,0.5888167023658752
145,0,0,0,1,1,16.0,11.0,subgraph_early_stop,30,0.556221067905426
146,0,0,0,1,1,13.0,9.0,subgraph_early_stop,33,0.5617563724517822
147,0,0,0,1,1,15.0,9.0,subgraph_early_stop,34,0.6327863335609436
148,0,0,0,1,1,19.0,11.0,subgraph_early_stop,29,0.6889957189559937
149,0,0,0,1,1,11.0,9.0,subgraph_early_stop,33,0.568084180355072
150,0,0,0,1,1,25.0,-1.0,direct,0,0.760077953338623
151,0,0,0,1,1,13.0,8.0,subgraph_early_stop,36,0.5975424647331238
152,0,0,0,1,1,12.0,7.0,subgraph_early_stop,38,0.6778922080993652
153,0,0,0,1,1,10.0,9.0,subgraph_early_stop,34,0.6091344356536865
154,0,0,0,1,1,20.0,11.0,subgraph_early_stop,30,0.6239742636680603
155,0,0,0,1,1,22.0,12.0,subgraph_early_stop,28,0.6114144921302795
156,0,0,0,1,1,22.0,12.0,subgraph_early_stop,28,0.6459312438964844
157,0,0,0,1,1,20.0,11.0,subgraph_early_stop,29,0.6059693694114685
158,0,0,0,1,1,17.0,10.0,subgraph_early_stop,31,0.595350980758667
159,0,0,0,1,1,21.0,11.0,subgraph_early_stop,29,0.5948044657707214
160,0,0,0,1,1,25.0,13.0,subgraph_early_stop,26,0.6779730319976807
161,0,0,0,1,1,17.0,10.0,subgraph_early_stop,31,0.6077603101730347
162,0,0,0,1,1,23.0,12.0,subgraph_early_stop,28,0.6536839008331299
163,0,0,0,1,1,16.0,11.0,subgraph_early_stop,30,0.637127697467804
164,0,0,0,1,1,23.0,12.0,subgraph_early_stop,27,0.6414365172386169
165,0,0,0,1,1,9.0,6.0,subgraph_early_stop,40,0.5769447088241577
166,0,0,0,1,1,7.0,6.0,subgraph_early_stop,40,0.6017112731933594
167,0,0,0,1,1,22.0,12.0,subgraph_early_stop,27,0.6173320412635803
168,0,0,0,1,1,18.0,10.0,subgraph_early_stop,31,0.621770977973938
169,0,0,0,1,1,25.0,13.0,subgraph_early_stop,26,0.7134720683097839
170,0,0,0,1,1,15.0,9.0,subgraph_early_stop,33,0.5393548607826233
171,0,1,1,0,0,0.0,0.0,subgraph_early_stop,50,0.5880584716796875
172,0,0,0,1,1,12.0,9.0,subgraph_early_stop,34,0.5947772264480591
173,0,0,0,1,1,15.0,9.0,subgraph_early_stop,34,0.6347560882568359
174,0,0,0,1,1,0.0,0.0,subgraph_full,50,0.5284521579742432
175,0,1,1,0,0,6.0,5.0,subgraph_early_stop,40,0.5472816824913025
176,0,0,0,1,1,9.0,7.0,subgraph_early_stop,38,0.5790221095085144
177,0,0,0,1,1,12.0,9.0,subgraph_early_stop,34,0.5755594968795776
178,0,0,0,1,1,10.0,8.0,subgraph_early_stop,35,0.6044620871543884
179,0,1,1,0,0,2.0,1.0,subgraph_early_stop,48,0.5017073750495911
180,0,0,0,1,1,19.0,10.0,subgraph_early_stop,31,0.5851845145225525
181,0,0,0,1,1,21.0,11.0,subgraph_early_stop,30,0.5809590816497803
182,0,0,0,1,1,1.0,1.0,subgraph_early_stop,49,0.5155524015426636
183,0,0,0,1,1,19.0,11.0,subgraph_early_stop,29,0.6469374895095825
184,0,0,0,1,1,8.0,6.0,subgraph_early_stop,39,0.562944769859314
185,0,0,0,1,1,13.0,10.0,subgraph_early_stop,31,0.5984466075897217
186,0,0,0,1,1,5.0,7.0,subgraph_early_stop,37,0.5862821936607361
187,0,0,0,1,1,11.0,8.0,subgraph_early_stop,35,0.5903492569923401
188,0,0,0,1,1,19.0,12.0,subgraph_early_stop,28,0.6188498139381409
189,0,0,0,1,1,17.0,11.0,subgraph_early_stop,30,0.6539849042892456
190,0,1,1,0,0,20.0,11.0,subgraph_early_stop,29,0.683016300201416
191,0,0,0,1,1,4.0,3.0,subgraph_early_stop,46,0.5191506147384644
192,0,0,0,1,1,21.0,11.0,subgraph_early_stop,29,0.6854292750358582
193,0,0,0,1,1,14.0,9.0,subgraph_early_stop,33,0.5898043513298035
194,0,0,0,1,1,21.0,12.0,subgraph_early_stop,27,0.6262527704238892
195,0,0,0,1,1,19.0,11.0,subgraph_early_stop,29,0.724969744682312
196,0,0,0,1,1,6.0,4.0,subgraph_early_stop,43,0.5594712495803833
197,0,0,0,1,1,4.0,4.0,subgraph_early_stop,44,0.6052497029304504
198,0,0,0,1,1,22.0,12.0,subgraph_early_stop,28,0.6566468477249146
199,0,1,1,0,0,0.0,1.0,subgraph_early_stop,48,0.5642361044883728
200,0,0,0,1,1,6.0,5.0,subgraph_early_stop,41,0.500801682472229
201,0,0,0,1,1,10.0,10.0,subgraph_early_stop,32,0.5597990155220032
202,0,1,1,0,0,7.0,6.0,subgraph_early_stop,38,0.5952832102775574
203,0,0,0,1,1,20.0,12.0,subgraph_early_stop,28,0.6765106320381165
204,0,0,0,1,1,25.0,13.0,subgraph_early_stop,26,0.6216569542884827
205,0,0,0,1,1,24.0,13.0,subgraph_early_stop,26,0.6396987438201904
206,0,0,0,1,1,18.0,12.0,subgraph_early_stop,28,0.5804669857025146
207,0,0,0,1,1,16.0,10.0,subgraph_early_stop,31,0.6723219156265259
208,0,0,0,1,1,7.0,7.0,subgraph_early_stop,38,0.6041030883789062
209,0,0,0,1,1,8.0,8.0,subgraph_early_stop,35,0.583815336227417
210,0,0,0,1,1,9.0,7.0,subgraph_early_stop,37,0.6183383464813232
211,0,1,1,0,0,20.0,-1.0,direct,0,0.7812617421150208
212,0,0,0,1,1,3.0,2.0,subgraph_early_stop,47,0.5344651937484741
213,0,0,0,1,1,6.0,5.0,subgraph_early_stop,42,0.5589513778686523
214,0,0,0,1,1,8.0,7.0,subgraph_early_stop,37,0.5794978141784668
215,0,0,0,1,1,24.0,13.0,subgraph_early_stop,26,0.6524683237075806
216,0,0,0,1,1,24.0,13.0,subgraph_early_stop,26,0.6311392188072205
217,0,0,0,1,1,6.0,5.0,subgraph_early_stop,41,0.5158205032348633
218,0,0,0,1,1,16.0,11.0,subgraph_early_stop,30,0.5767858028411865
219,0,0,0,1,1,11.0,7.0,subgraph_early_stop,38,0.5226901173591614
220,0,1,1,0,0,2.0,2.0,subgraph_early_stop,47,0.5367359519004822
221,0,0,0,1,1,22.0,12.0,subgraph_early_stop,27,0.6449415683746338
222,0,0,0,1,1,11.0,8.0,subgraph_early_stop,35,0.5731005668640137
223,0,0,0,1,1,13.0,9.0,subgraph_early_stop,34,0.6048737168312073
224,0,0,0,1,1,15.0,11.0,subgraph_early_stop,29,0.6353924870491028
225,0,1,1,0,0,4.0,3.0,subgraph_early_stop,43,0.5206775665283203
226,0,0,0,1,1,20.0,11.0,subgraph_early_stop,30,0.5877107381820679
227,0,1,1,0,0,7.0,6.0,subgraph_early_stop,38,0.5847092866897583
228,0,1,1,0,0,21.0,-1.0,direct,0,0.8782086968421936
229,0,0,0,1,1,23.0,12.0,subgraph_early_stop,27,0.6500353813171387
230,0,0,0,1,1,0.0,0.0,subgraph_full,50,0.5561426877975464
231,0,0,0,1,1,17.0,10.0,subgraph_early_stop,32,0.6051427721977234
232,0,0,0,1,1,24.0,13.0,subgraph_early_stop,26,0.6495178937911987
233,0,1,1,0,0,17.0,-1.0,direct,0,0.7676909565925598
234,0,0,0,1,1,22.0,13.0,subgraph_early_stop,26,0.6041405200958252
235,0,1,1,0,0,5.0,5.0,subgraph_early_stop,40,0.5371863842010498
236,0,0,0,1,1,18.0,11.0,subgraph_early_stop,29,0.5559646487236023
237,0,0,0,1,1,7.0,4.0,subgraph_early_stop,43,0.5994245409965515
238,0,0,0,1,1,24.0,13.0,subgraph_early_stop,26,0.6062923073768616
239,0,0,0,1,1,22.0,11.0,subgraph_early_stop,29,0.578252375125885
240,0,0,0,1,1,9.0,8.0,subgraph_early_stop,36,0.520226240158081
241,0,0,0,1,1,25.0,13.0,subgraph_early_stop,26,0.6356828212738037
242,0,0,0,1,1,25.0,13.0,subgraph_early_stop,26,0.6672899723052979
243,0,0,0,1,1,20.0,11.0,subgraph_early_stop,29,0.5511753559112549
244,0,0,0,1,1,6.0,6.0,subgraph_early_stop,40,0.5793711543083191
245,0,0,0,1,1,19.0,11.0,subgraph_early_stop,29,0.5258467793464661
246,0,0,0,1,1,23.0,12.0,subgraph_early_stop,27,0.5944985151290894
247,0,0,0,1,1,19.0,11.0,subgraph_early_stop,30,0.6846380233764648
248,0,0,0,1,1,19.0,10.0,subgraph_early_stop,31,0.6158237457275391
249,0,0,0,1,1,19.0,12.0,subgraph_early_stop,28,0.64931720495224
250,0,0,0,1,1,16.0,10.0,subgraph_early_stop,31,0.6711547374725342
251,0,0,0,1,1,8.0,5.0,subgraph_early_stop,41,0.5755822062492371
252,0,0,0,1,1,12.0,8.0,subgraph_early_stop,36,0.5242949724197388
253,0,0,0,1,1,25.0,13.0,subgraph_early_stop,26,0.6682268381118774
254,0,0,0,1,1,10.0,8.0,subgraph_early_stop,36,0.5593458414077759
255,0,0,0,1,1,16.0,11.0,subgraph_early_stop,30,0.6118122339248657
256,0,0,0,1,1,25.0,13.0,subgraph_early_stop,26,0.6496798992156982
257,0,0,0,1,1,13.0,8.0,subgraph_early_stop,35,0.6745747327804565
258,0,0,0,1,1,21.0,12.0,subgraph_early_stop,28,0.5804140567779541
259,0,0,0,1,1,19.0,11.0,subgraph_early_stop,29,0.5956369042396545
260,0,1,1,0,0,9.0,7.0,subgraph_early_stop,36,0.5329250693321228
261,0,0,0,1,1,15.0,8.0,subgraph_early_stop,35,0.5916225910186768
262,0,0,0,1,1,25.0,13.0,subgraph_early_stop,26,0.6863448619842529
263,0,1,1,0,0,6.0,5.0,subgraph_early_stop,35,0.6926812529563904
264,0,0,0,1,1,25.0,13.0,subgraph_early_stop,26,0.7017123699188232
265,0,0,0,1,1,13.0,7.0,subgraph_early_stop,37,0.5837600231170654
266,0,0,0,1,1,12.0,8.0,subgraph_early_stop,35,0.5574727654457092
267,0,0,0,1,1,19.0,11.0,subgraph_early_stop,30,0.6546933650970459
268,0,0,0,1,1,11.0,6.0,subgraph_early_stop,39,0.5423787236213684
269,0,0,0,1,1,17.0,11.0,subgraph_early_stop,29,0.6138377785682678
270,0,1,1,0,0,15.0,10.0,subgraph_early_stop,31,0.7001649737358093
271,0,0,0,1,1,10.0,7.0,subgraph_early_stop,37,0.6430951952934265
272,0,0,0,1,1,19.0,11.0,subgraph_early_stop,30,0.6516035795211792
273,0,0,0,1,1,6.0,4.0,subgraph_early_stop,44,0.5552310943603516
274,0,0,0,1,1,8.0,8.0,subgraph_early_stop,36,0.620336651802063
275,0,0,0,1,1,13.0,10.0,subgraph_early_stop,32,0.5490900278091431
276,0,0,0,1,1,10.0,7.0,subgraph_early_stop,37,0.6451241374015808
277,0,0,0,1,1,3.0,2.0,subgraph_early_stop,47,0.5142854452133179
278,0,1,1,0,0,7.0,6.0,subgraph_early_stop,39,0.5761704444885254
279,0,0,0,1,1,21.0,11.0,subgraph_early_stop,29,0.6492296457290649
280,0,1,1,0,0,0.0,0.0,subgraph_early_stop,50,0.6145541071891785
281,0,0,0,1,1,21.0,12.0,subgraph_early_stop,28,0.5542238354682922
282,0,0,0,1,1,7.0,5.0,subgraph_early_stop,42,0.519781768321991
283,0,0,0,1,1,17.0,11.0,subgraph_early_stop,30,0.6044095754623413
284,0,0,0,1,1,11.0,8.0,subgraph_early_stop,35,0.5654085278511047
285,0,0,0,1,1,10.0,8.0,subgraph_early_stop,36,0.5956239700317383
286,0,0,0,1,1,12.0,9.0,subgraph_early_stop,34,0.6616681814193726
287,0,0,0,1,1,13.0,10.0,subgraph_early_stop,32,0.5963204503059387
288,0,0,0,1,1,3.0,3.0,subgraph_early_stop,45,0.567445695400238
289,0,0,0,1,1,0.0,0.0,subgraph_full,50,0.5898442268371582
290,0,0,0,1,1,21.0,11.0,subgraph_early_stop,29,0.5499350428581238
291,0,0,0,1,1,10.0,8.0,subgraph_early_stop,36,0.6146355271339417
292,0,0,0,1,1,21.0,11.0,subgraph_early_stop,29,0.581379234790802
293,0,0,0,1,1,12.0,10.0,subgraph_early_stop,32,0.5828211903572083
294,0,0,0,1,1,23.0,12.0,subgraph_early_stop,28,0.6505720019340515
295,0,1,1,0,0,4.0,3.0,subgraph_early_stop,44,0.5156298279762268
296,0,1,1,0,0,6.0,7.0,subgraph_early_stop,34,0.5217059850692749
297,0,0,0,1,1,21.0,11.0,subgraph_early_stop,29,0.6039277911186218
298,0,0,0,1,1,22.0,12.0,subgraph_early_stop,27,0.6428484320640564
299,0,0,0,1,1,3.0,4.0,subgraph_early_stop,44,0.5322669148445129
300,0,0,0,1,1,5.0,6.0,subgraph_early_stop,40,0.5398709177970886
301,0,0,0,1,1,13.0,8.0,subgraph_early_stop,36,0.574198305606842
302,0,0,0,1,1,0.0,0.0,subgraph_full,50,0.5526684522628784
303,0,0,0,1,1,22.0,13.0,subgraph_early_stop,26,0.6716954112052917
304,0,1,1,0,0,8.0,6.0,subgraph_early_stop,39,0.518848717212677
305,0,0,0,1,1,4.0,4.0,subgraph_early_stop,44,0.5475156903266907
306,0,0,0,1,1,20.0,12.0,subgraph_early_stop,28,0.6078253388404846
307,0,0,0,1,1,14.0,9.0,subgraph_early_stop,34,0.5583651661872864
308,0,0,0,1,1,22.0,12.0,subgraph_early_stop,28,0.5922959446907043
309,0,0,0,1,1,24.0,13.0,subgraph_early_stop,26,0.6586304903030396
310,0,0,0,1,1,10.0,8.0,subgraph_early_stop,36,0.572089433670044
311,0,1,1,0,0,5.0,4.0,subgraph_early_stop,42,0.5256000757217407
312,0,1,1,0,0,6.0,5.0,subgraph_early_stop,40,0.5721161365509033
313,0,0,0,1,1,10.0,6.0,subgraph_early_stop,39,0.5189028978347778
314,0,0,0,1,1,6.0,6.0,subgraph_early_stop,40,0.601878821849823
315,0,0,0,1,1,24.0,13.0,subgraph_early_stop,26,0.7003360390663147
316,0,0,0,1,1,24.0,13.0,subgraph_early_stop,26,0.6434672474861145
317,0,0,0,1,1,13.0,8.0,subgraph_early_stop,35,0.5644617080688477
318,0,0,0,1,1,9.0,6.0,subgraph_early_stop,40,0.5575764775276184
319,0,0,0,1,1,25.0,13.0,subgraph_early_stop,26,0.6848297119140625
320,0,1,1,0,0,2.0,4.0,subgraph_early_stop,43,0.503889262676239
321,0,0,0,1,1,7.0,5.0,subgraph_early_stop,42,0.500469982624054
322,0,0,0,1,1,4.0,4.0,subgraph_early_stop,44,0.5232850313186646
323,0,0,0,1,1,17.0,11.0,subgraph_early_stop,30,0.6423364281654358
324,0,0,0,1,1,10.0,7.0,subgraph_early_stop,38,0.5765314698219299
325,0,0,0,1,1,18.0,10.0,subgraph_early_stop,32,0.5803104043006897
326,0,0,0,1,1,6.0,4.0,subgraph_early_stop,43,0.558289110660553
327,0,0,0,1,1,22.0,12.0,subgraph_early_stop,27,0.6422199010848999
328,0,0,0,1,1,1.0,1.0,subgraph_early_stop,50,0.5537141561508179
329,0,1,1,0,0,10.0,8.0,subgraph_early_stop,31,0.6324999928474426
330,0,0,0,1,1,13.0,9.0,subgraph_early_stop,34,0.5750294327735901
331,0,0,0,1,1,18.0,11.0,subgraph_early_stop,29,0.6413241624832153
332,0,0,0,1,1,25.0,13.0,subgraph_early_stop,26,0.6854861378669739
333,0,0,0,1,1,2.0,2.0,subgraph_early_stop,47,0.5073747038841248
334,0,0,0,1,1,18.0,10.0,subgraph_early_stop,32,0.5986894369125366
335,0,0,0,1,1,24.0,13.0,subgraph_early_stop,26,0.6266161203384399
336,0,0,0,1,1,5.0,5.0,subgraph_early_stop,42,0.5428727865219116
337,0,0,0,1,1,19.0,11.0,subgraph_early_stop,30,0.638465166091919
338,0,0,0,1,1,12.0,9.0,subgraph_early_stop,33,0.6198899745941162
339,0,0,0,1,1,18.0,10.0,subgraph_early_stop,31,0.5989194512367249
340,1,1,1,1,1,0.0,2.0,subgraph_early_stop,47,0.6705535650253296
341,1,1,1,1,1,9.0,6.0,subgraph_early_stop,39,0.5309984683990479
342,1,1,1,1,1,1.0,1.0,subgraph_early_stop,49,0.5018766522407532
343,1,1,1,1,1,1.0,1.0,subgraph_early_stop,49,0.5615055561065674
344,1,0,0,0,0,4.0,3.0,subgraph_early_stop,45,0.6273069977760315
345,1,0,0,0,0,8.0,5.0,subgraph_early_stop,42,0.5354738235473633
346,1,1,1,1,1,19.0,9.0,subgraph_early_stop,20,0.5242422819137573
347,1,0,0,0,0,9.0,6.0,subgraph_early_stop,40,0.59891676902771
348,1,0,0,0,0,8.0,6.0,subgraph_early_stop,40,0.5435284376144409
349,1,1,1,1,1,3.0,3.0,subgraph_early_stop,45,0.5348684787750244
350,1,0,0,0,0,15.0,9.0,subgraph_early_stop,33,0.6264322400093079
351,1,1,1,1,1,1.0,1.0,subgraph_early_stop,49,0.5775712728500366
352,1,0,0,0,0,13.0,9.0,subgraph_early_stop,33,0.5808178186416626
353,1,0,0,0,0,1.0,1.0,subgraph_early_stop,49,0.5280414819717407
354,1,1,1,1,1,11.0,8.0,subgraph_early_stop,35,0.5965598225593567
355,1,0,0,0,0,7.0,5.0,subgraph_early_stop,41,0.5823999643325806
356,1,0,0,0,0,22.0,12.0,subgraph_early_stop,27,0.6545849442481995
357,1,0,0,0,0,8.0,4.0,subgraph_early_stop,43,0.6411162614822388
358,1,0,0,0,0,13.0,9.0,subgraph_early_stop,33,0.6013997197151184
359,1,1,1,1,1,12.0,8.0,subgraph_early_stop,32,0.6776763200759888
360,1,0,0,0,0,17.0,10.0,subgraph_early_stop,31,0.5582749247550964
361,1,1,1,1,1,9.0,6.0,subgraph_early_stop,38,0.560929536819458
362,1,0,0,0,0,0.0,0.0,subgraph_full,50,0.5286098718643188
363,1,1,1,1,1,4.0,2.0,subgraph_early_stop,44,0.5284547209739685
364,1,1,1,1,1,12.0,8.0,subgraph_early_stop,34,0.5018627643585205
365,1,0,0,0,0,5.0,3.0,subgraph_early_stop,45,0.600647509098053
366,1,1,1,1,1,0.0,0.0,subgraph_early_stop,50,0.5803163647651672
367,1,0,0,0,0,5.0,6.0,subgraph_early_stop,40,0.6233575940132141
368,1,0,0,0,0,0.0,0.0,subgraph_full,50,0.5653461813926697
369,1,1,1,1,1,21.0,-1.0,direct,0,0.8967759609222412
370,1,1,1,1,1,12.0,10.0,subgraph_early_stop,31,0.6105706095695496
371,1,1,1,1,1,18.0,-1.0,direct,0,0.7952027320861816
372,1,1,1,1,1,12.0,8.0,subgraph_early_stop,33,0.5646349191665649
373,1,0,0,0,0,5.0,6.0,subgraph_early_stop,40,0.5753077864646912
374,1,0,0,0,0,12.0,9.0,subgraph_early_stop,34,0.6592125296592712
375,1,1,1,1,1,11.0,7.0,subgraph_early_stop,23,0.7073665857315063
376,1,1,1,1,1,19.0,10.0,subgraph_early_stop,28,0.5981916189193726
377,1,1,1,1,1,0.0,0.0,subgraph_early_stop,50,0.5779997110366821
378,1,0,0,0,0,25.0,13.0,subgraph_early_stop,26,0.7046499252319336
379,1,1,1,1,1,0.0,1.0,subgraph_early_stop,49,0.531085193157196
380,1,1,1,1,1,1.0,1.0,subgraph_early_stop,49,0.5108062028884888
381,1,1,1,1,1,16.0,10.0,subgraph_early_stop,30,0.5530186891555786
382,1,0,0,0,0,4.0,5.0,subgraph_early_stop,41,0.5099535584449768
383,1,1,1,1,1,10.0,8.0,subgraph_early_stop,34,0.5315095782279968
384,1,0,0,0,0,7.0,5.0,subgraph_early_stop,41,0.5815897583961487
385,1,1,1,1,1,5.0,3.0,subgraph_early_stop,43,0.5288166403770447
386,1,0,0,0,0,3.0,5.0,subgraph_early_stop,42,0.5677758455276489
387,1,0,0,0,0,0.0,0.0,subgraph_full,50,0.5003311634063721
388,1,0,0,0,0,3.0,6.0,subgraph_early_stop,39,0.5072253942489624
389,1,1,1,1,1,1.0,1.0,subgraph_early_stop,48,0.5098230838775635
390,1,1,1,1,1,12.0,8.0,subgraph_early_stop,35,0.514651894569397
391,1,0,0,0,0,1.0,2.0,subgraph_early_stop,48,0.5371779799461365
392,1,1,1,1,1,0.0,0.0,subgraph_early_stop,50,0.5980929732322693
393,1,1,1,1,1,8.0,6.0,subgraph_early_stop,39,0.5533157587051392
394,1,1,1,1,1,6.0,5.0,subgraph_early_stop,39,0.5765954256057739
395,1,1,1,1,1,16.0,10.0,subgraph_early_stop,29,0.6074414253234863
396,1,0,0,0,0,12.0,9.0,subgraph_early_stop,34,0.6391618251800537
397,1,0,0,0,0,1.0,1.0,subgraph_early_stop,49,0.5942198634147644
398,1,0,0,0,0,7.0,6.0,subgraph_early_stop,40,0.519425094127655
399,1,1,1,1,1,17.0,9.0,subgraph_early_stop,28,0.6455106139183044
400,1,1,1,1,1,3.0,5.0,subgraph_early_stop,41,0.5877342224121094
401,1,1,1,1,1,16.0,9.0,subgraph_early_stop,30,0.613105833530426
402,1,0,0,0,0,15.0,8.0,subgraph_early_stop,35,0.5159183144569397
403,1,1,1,1,1,2.0,3.0,subgraph_early_stop,44,0.565479040145874
404,1,1,1,1,1,2.0,5.0,subgraph_early_stop,35,0.6629645228385925
405,1,0,0,0,0,11.0,8.0,subgraph_early_stop,36,0.6769061088562012
406,1,1,1,1,1,3.0,2.0,subgraph_early_stop,42,0.6453255414962769
407,1,0,0,0,0,16.0,11.0,subgraph_early_stop,29,0.6730698347091675
408,1,0,0,0,0,4.0,4.0,subgraph_early_stop,44,0.6259700059890747
409,1,1,1,1,1,4.0,5.0,subgraph_early_stop,40,0.5121238827705383
410,1,0,0,0,0,2.0,3.0,subgraph_early_stop,46,0.518606960773468
411,1,0,0,0,0,8.0,7.0,subgraph_early_stop,38,0.5673093199729919
412,1,1,1,1,1,22.0,-1.0,direct,0,0.7988226413726807
413,1,1,1,1,1,8.0,5.0,subgraph_early_stop,40,0.5292490720748901
414,1,1,1,1,1,5.0,3.0,subgraph_early_stop,44,0.5217594504356384
415,1,1,1,1,1,3.0,3.0,subgraph_early_stop,44,0.566909909248352
416,1,1,1,1,1,13.0,11.0,subgraph_early_stop,27,0.5948578715324402
417,1,1,1,1,1,17.0,9.0,subgraph_early_stop,24,0.7391079664230347
418,1,0,0,0,0,11.0,10.0,subgraph_early_stop,32,0.6228020191192627
419,1,0,0,0,0,22.0,11.0,subgraph_early_stop,29,0.660172164440155
420,1,0,0,0,0,2.0,2.0,subgraph_early_stop,47,0.5522827506065369
421,1,0,0,0,0,25.0,13.0,subgraph_early_stop,26,0.7455219030380249
422,1,0,0,0,0,1.0,1.0,subgraph_early_stop,50,0.5658108592033386
423,1,1,1,1,1,11.0,7.0,subgraph_early_stop,36,0.7285795211791992
424,1,1,1,1,1,8.0,6.0,subgraph_early_stop,37,0.5660082697868347
425,1,1,1,1,1,12.0,8.0,subgraph_early_stop,34,0.5073931217193604
426,1,1,1,1,1,12.0,10.0,subgraph_early_stop,30,0.6014320850372314
427,1,0,0,0,0,5.0,4.0,subgraph_early_stop,44,0.6217851042747498
428,1,0,0,0,0,9.0,6.0,subgraph_early_stop,39,0.5861462354660034
429,1,1,1,1,1,18.0,12.0,subgraph_early_stop,27,0.544390857219696
430,1,1,1,1,1,9.0,8.0,subgraph_early_stop,35,0.5240949988365173
431,1,0,0,0,0,7.0,5.0,subgraph_early_stop,42,0.626961886882782
432,1,1,1,1,1,7.0,6.0,subgraph_early_stop,37,0.534159243106842
433,1,1,1,1,1,2.0,1.0,subgraph_early_stop,48,0.5078949332237244
434,1,1,1,1,1,14.0,8.0,subgraph_early_stop,30,0.5501581430435181
435,1,1,1,1,1,10.0,6.0,subgraph_early_stop,36,0.5324118137359619
436,1,1,1,1,1,2.0,3.0,subgraph_early_stop,44,0.6272881031036377
437,1,1,1,1,1,18.0,-1.0,direct,0,0.768647313117981
438,1,1,1,1,1,2.0,2.0,subgraph_early_stop,45,0.6667014360427856
439,1,1,1,1,1,13.0,9.0,subgraph_early_stop,29,0.5516952276229858
440,1,0,0,0,0,21.0,11.0,subgraph_early_stop,29,0.6069478392601013
441,1,1,1,1,1,1.0,2.0,subgraph_early_stop,46,0.5260164737701416
442,1,1,1,1,1,16.0,10.0,subgraph_early_stop,28,0.609967052936554
443,1,0,0,0,0,24.0,13.0,subgraph_early_stop,26,0.5925137400627136
444,1,1,1,1,1,18.0,11.0,subgraph_early_stop,25,0.6026006937026978
445,1,0,0,0,0,11.0,6.0,subgraph_early_stop,39,0.6437584757804871
446,1,1,1,1,1,4.0,4.0,subgraph_early_stop,42,0.5011278986930847
447,1,0,0,0,0,1.0,1.0,subgraph_early_stop,50,0.5369346737861633
448,1,0,0,0,0,22.0,12.0,subgraph_early_stop,28,0.5965109467506409
449,1,0,0,0,0,14.0,8.0,subgraph_early_stop,36,0.5755406022071838
450,1,0,0,0,0,23.0,12.0,subgraph_early_stop,27,0.6443597078323364
451,1,1,1,1,1,14.0,10.0,subgraph_early_stop,27,0.5020148158073425
452,1,1,1,1,1,20.0,10.0,subgraph_early_stop,22,0.5821713209152222
453,1,1,1,1,1,9.0,8.0,subgraph_early_stop,35,0.5249919891357422
454,1,0,0,0,0,12.0,7.0,subgraph_early_stop,37,0.5623998641967773
455,1,1,1,1,1,2.0,3.0,subgraph_early_stop,44,0.5623424053192139
456,1,0,0,0,0,2.0,1.0,subgraph_early_stop,49,0.5392661690711975
457,1,1,1,1,1,9.0,5.0,subgraph_early_stop,40,0.5603665709495544
458,1,1,1,1,1,2.0,3.0,subgraph_early_stop,45,0.5636329650878906
459,1,0,0,0,0,6.0,4.0,subgraph_early_stop,44,0.5663838982582092
460,1,1,1,1,1,2.0,2.0,subgraph_early_stop,46,0.5093122720718384
461,1,1,1,1,1,2.0,2.0,subgraph_early_stop,46,0.5503877401351929
462,1,1,1,1,1,15.0,10.0,subgraph_early_stop,27,0.7114890217781067
463,1,1,1,1,1,18.0,10.0,subgraph_early_stop,25,0.5982992649078369
464,1,0,0,0,0,7.0,5.0,subgraph_early_stop,42,0.6879687309265137
465,1,0,0,0,0,0.0,0.0,subgraph_full,50,0.5081959366798401
466,1,1,1,1,1,17.0,11.0,subgraph_early_stop,29,0.609576940536499
467,1,0,0,0,0,10.0,6.0,subgraph_early_stop,39,0.5505735874176025
468,1,1,1,1,1,4.0,4.0,subgraph_early_stop,40,0.539537250995636
469,1,1,1,1,1,9.0,7.0,subgraph_early_stop,34,0.5445285439491272
470,1,1,1,1,1,10.0,8.0,subgraph_early_stop,32,0.5059868097305298
471,1,1,1,1,1,17.0,10.0,subgraph_early_stop,25,0.7319343686103821
472,1,1,1,1,1,13.0,9.0,subgraph_early_stop,33,0.6034884452819824
473,1,1,1,1,1,0.0,1.0,subgraph_early_stop,49,0.5411416292190552
474,1,0,0,0,0,2.0,1.0,subgraph_early_stop,47,0.6271582841873169
475,1,0,0,0,0,21.0,12.0,subgraph_early_stop,28,0.5868127346038818
